{"cameraMode":{"drawMode":0,"name":"Shaded","section":"Shading Mode"},"sceneLighting":true,"audioPlay":false,"sceneViewState":{"m_AlwaysRefresh":false,"showFog":true,"showSkybox":true,"showFlares":true,"showImageEffects":true,"showParticleSystems":true,"showVisualEffectGraphs":true,"m_FxEnabled":true},"in2DMode":false,"pivot":{"x":19.695219039916993,"y":54.921714782714847,"z":65.96443939208985},"rotation":{"x":0.00960912462323904,"y":-0.9571354389190674,"z":0.28822556138038638,"w":0.03125239163637161},"size":7.124072551727295,"orthographic":false}